July 1,Sunday,,,,,,,,,,,,,,
LANE/TIME,7,8,9,10,11,12,13,14,15,16,17,18,19,20,
1,BATH ITC,BATH ITC,MADLA,MADLA,,,,BATH ITC,BATH ITC,MADLA,MADLA,,,,
2,BATH ITC,BATH ITC,MADLA,MADLA,,,,BATH ITC,BATH ITC,MADLA,MADLA,,,,
3,BATH ITC,BATH ITC,MADLA,MADLA,,,,BATH ITC,BATH ITC,MADLA,MADLA,,,,
4,BATH ITC,BATH ITC,MADLA,MADLA,,,,BATH ITC,BATH ITC,MADLA,MADLA,,,,
5,BATH ITC,BATH ITC,MADLA,MADLA,,,,BATH ITC,BATH ITC,MADLA,MADLA,,,,
6,SKJETTEN,SKJETTEN,LAMBERTSETTER,LAMBERTSETTER,CARDIFF,CARDIFF,,SKJETTEN,SKJETTEN,LAMBERTSETTER,LAMBERTSETTER,CARDIFF,CARDIFF,,
7,SKJETTEN,SKJETTEN,LAMBERTSETTER,LAMBERTSETTER,CARDIFF,CARDIFF,,SKJETTEN,SKJETTEN,LAMBERTSETTER,LAMBERTSETTER,CARDIFF,CARDIFF,,
8,SKJETTEN,SKJETTEN,LAMBERTSETTER,LAMBERTSETTER,CARDIFF,CARDIFF,,SKJETTEN,SKJETTEN,LAMBERTSETTER,LAMBERTSETTER,CARDIFF,CARDIFF,,
9,KARMOY,KARMOY,LAMBERTSETTER,LAMBERTSETTER,CARDIFF,CARDIFF,,KARMOY,KARMOY,LAMBERTSETTER,LAMBERTSETTER,CARDIFF,CARDIFF,,
10,KARMOY,KARMOY,LAMBERTSETTER,LAMBERTSETTER,CARDIFF,CARDIFF,,KARMOY,KARMOY,LAMBERTSETTER,LAMBERTSETTER,CARDIFF,CARDIFF,,
,,,,,,,,,,,,,,,
July 2,Monday,,,,,,,,,,,,,,
LANE/TIME,7,8,9,10,11,12,13,14,15,16,17,18,19,20,
1,BATH ITC,BATH ITC,MADLA,MADLA,MILLFIELD,MILLFIELD,,BATH ITC,BATH ITC,MADLA,MADLA,MILLFIELD,MILLFIELD,,
2,BATH ITC,BATH ITC,MADLA,MADLA,MILLFIELD,MILLFIELD,,BATH ITC,BATH ITC,MADLA,MADLA,MILLFIELD,MILLFIELD,,
3,BATH ITC,BATH ITC,MADLA,MADLA,MILLFIELD,MILLFIELD,,BATH ITC,BATH ITC,MADLA,MADLA,MILLFIELD,MILLFIELD,,
4,BATH ITC,BATH ITC,MADLA,MADLA,MILLFIELD,MILLFIELD,,BATH ITC,BATH ITC,MADLA,MADLA,MILLFIELD,MILLFIELD,,
5,BATH ITC,BATH ITC,LAMBERTSETTER,LAMBERTSETTER,MILLFIELD,MILLFIELD,,BATH ITC,BATH ITC,MADLA,MADLA,MILLFIELD,MILLFIELD,,
6,SKJETTEN,SKJETTEN,LAMBERTSETTER,LAMBERTSETTER,CARDIFF,CARDIFF,,SKJETTEN,SKJETTEN,LAMBERTSETTER,LAMBERTSETTER,CARDIFF,CARDIFF,,
7,SKJETTEN,SKJETTEN,LAMBERTSETTER,LAMBERTSETTER,CARDIFF,CARDIFF,,SKJETTEN,SKJETTEN,LAMBERTSETTER,LAMBERTSETTER,CARDIFF,CARDIFF,,
8,SKJETTEN,SKJETTEN,LAMBERTSETTER,LAMBERTSETTER,CARDIFF,CARDIFF,,SKJETTEN,SKJETTEN,LAMBERTSETTER,LAMBERTSETTER,CARDIFF,CARDIFF,,
9,KARMOY,KARMOY,LAMBERTSETTER,LAMBERTSETTER,CARDIFF,CARDIFF,,KARMOY,KARMOY,LAMBERTSETTER,LAMBERTSETTER,CARDIFF,CARDIFF,,
10,KARMOY,KARMOY,LAMBERTSETTER,LAMBERTSETTER,CARDIFF,CARDIFF,,KARMOY,KARMOY,LAMBERTSETTER,LAMBERTSETTER,CARDIFF,CARDIFF,,
,,,,,,,,,,,,,,,
July 3,Tuesday,,,,,,,,,,,,,,
LANE/TIME,7,8,9,10,11,12,13,14,15,16,17,18,19,20,
1,BATH ITC,BATH ITC,MADLA,MADLA,MILLFIELD,MILLFIELD,,BATH ITC,BATH ITC,MADLA,MADLA,MILLFIELD,MILLFIELD,,
2,BATH ITC,BATH ITC,MADLA,MADLA,MILLFIELD,MILLFIELD,,BATH ITC,BATH ITC,MADLA,MADLA,MILLFIELD,MILLFIELD,,
3,BATH ITC,BATH ITC,MADLA,MADLA,MILLFIELD,MILLFIELD,,BATH ITC,BATH ITC,MADLA,MADLA,MILLFIELD,MILLFIELD,,
4,BATH ITC,BATH ITC,MADLA,MADLA,MILLFIELD,MILLFIELD,,BATH ITC,BATH ITC,MADLA,MADLA,MILLFIELD,MILLFIELD,,
5,BATH ITC,BATH ITC,MADLA,MADLA,MILLFIELD,MILLFIELD,,BATH ITC,BATH ITC,MADLA,MADLA,MILLFIELD,MILLFIELD,,
6,SKJETTEN,SKJETTEN,LAMBERTSETTER,LAMBERTSETTER,CARDIFF,CARDIFF,,SKJETTEN,SKJETTEN,LAMBERTSETTER,LAMBERTSETTER,CARDIFF,CARDIFF,,
7,SKJETTEN,SKJETTEN,LAMBERTSETTER,LAMBERTSETTER,CARDIFF,CARDIFF,,SKJETTEN,SKJETTEN,LAMBERTSETTER,LAMBERTSETTER,CARDIFF,CARDIFF,,
8,SKJETTEN,SKJETTEN,LAMBERTSETTER,LAMBERTSETTER,CARDIFF,CARDIFF,,SKJETTEN,SKJETTEN,LAMBERTSETTER,LAMBERTSETTER,CARDIFF,CARDIFF,,
9,KARMOY,KARMOY,LAMBERTSETTER,LAMBERTSETTER,CARDIFF,CARDIFF,,KARMOY,KARMOY,LAMBERTSETTER,LAMBERTSETTER,CARDIFF,CARDIFF,,
10,KARMOY,KARMOY,LAMBERTSETTER,LAMBERTSETTER,CARDIFF,CARDIFF,,KARMOY,KARMOY,LAMBERTSETTER,LAMBERTSETTER,CARDIFF,CARDIFF,,
,,,,,,,,,,,,,,,
July 4,Wednesday,,,,,,,,,,,,,,
LANE/TIME,7,8,9,10,11,12,13,14,15,16,17,18,19,20,
1,BATH ITC,BATH ITC,MADLA,MADLA,MILLFIELD,MILLFIELD,,BATH ITC,BATH ITC,MADLA,MADLA,MILLFIELD,MILLFIELD,,
2,BATH ITC,BATH ITC,MADLA,MADLA,MILLFIELD,MILLFIELD,,BATH ITC,BATH ITC,MADLA,MADLA,MILLFIELD,MILLFIELD,,
3,BATH ITC,BATH ITC,MADLA,MADLA,MILLFIELD,MILLFIELD,,BATH ITC,BATH ITC,MADLA,MADLA,MILLFIELD,MILLFIELD,,
4,BATH ITC,BATH ITC,MADLA,MADLA,MILLFIELD,MILLFIELD,,BATH ITC,BATH ITC,MADLA,MADLA,MILLFIELD,MILLFIELD,,
5,BATH ITC,BATH ITC,MADLA,MADLA,MILLFIELD,MILLFIELD,,BATH ITC,BATH ITC,MADLA,MADLA,MILLFIELD,MILLFIELD,,
6,SKJETTEN,SKJETTEN,LAMBERTSETTER,LAMBERTSETTER,CARDIFF,CARDIFF,,SKJETTEN,SKJETTEN,LAMBERTSETTER,LAMBERTSETTER,CARDIFF,CARDIFF,,
7,SKJETTEN,SKJETTEN,LAMBERTSETTER,LAMBERTSETTER,CARDIFF,CARDIFF,,SKJETTEN,SKJETTEN,LAMBERTSETTER,LAMBERTSETTER,CARDIFF,CARDIFF,,
8,SKJETTEN,SKJETTEN,LAMBERTSETTER,LAMBERTSETTER,CARDIFF,CARDIFF,,SKJETTEN,SKJETTEN,LAMBERTSETTER,LAMBERTSETTER,CARDIFF,CARDIFF,,
9,KARMOY,KARMOY,LAMBERTSETTER,LAMBERTSETTER,CARDIFF,CARDIFF,,KARMOY,KARMOY,LAMBERTSETTER,LAMBERTSETTER,CARDIFF,CARDIFF,,
10,KARMOY,KARMOY,LAMBERTSETTER,LAMBERTSETTER,CARDIFF,CARDIFF,,KARMOY,KARMOY,LAMBERTSETTER,LAMBERTSETTER,CARDIFF,CARDIFF,,
,,,,,,,,,,,,,,,
July 5,Thursday,,,,,,,,,,,,,,
LANE/TIME,7,8,9,10,11,12,13,14,15,16,17,18,19,20,
1,BATH ITC,BATH ITC,MADLA,MADLA,MILLFIELD,MILLFIELD,,BATH ITC,BATH ITC,MADLA,MADLA,MILLFIELD,MILLFIELD,,
2,BATH ITC,BATH ITC,MADLA,MADLA,MILLFIELD,MILLFIELD,,BATH ITC,BATH ITC,MADLA,MADLA,MILLFIELD,MILLFIELD,,
3,BATH ITC,BATH ITC,MADLA,MADLA,MILLFIELD,MILLFIELD,,BATH ITC,BATH ITC,MADLA,MADLA,MILLFIELD,MILLFIELD,,
4,BATH ITC,BATH ITC,MADLA,MADLA,MILLFIELD,MILLFIELD,,BATH ITC,BATH ITC,MADLA,MADLA,MILLFIELD,MILLFIELD,,
5,BATH ITC,BATH ITC,MADLA,MADLA,MILLFIELD,MILLFIELD,,BATH ITC,BATH ITC,MADLA,MADLA,MILLFIELD,MILLFIELD,,
6,SKJETTEN,SKJETTEN,LAMBERTSETTER,LAMBERTSETTER,CARDIFF,CARDIFF,,SKJETTEN,SKJETTEN,LAMBERTSETTER,LAMBERTSETTER,CARDIFF,CARDIFF,,
7,SKJETTEN,SKJETTEN,LAMBERTSETTER,LAMBERTSETTER,CARDIFF,CARDIFF,,SKJETTEN,SKJETTEN,LAMBERTSETTER,LAMBERTSETTER,CARDIFF,CARDIFF,,
8,SKJETTEN,SKJETTEN,LAMBERTSETTER,LAMBERTSETTER,CARDIFF,CARDIFF,,SKJETTEN,SKJETTEN,LAMBERTSETTER,LAMBERTSETTER,CARDIFF,CARDIFF,,
9,KARMOY,KARMOY,LAMBERTSETTER,LAMBERTSETTER,CARDIFF,CARDIFF,,KARMOY,KARMOY,LAMBERTSETTER,LAMBERTSETTER,CARDIFF,CARDIFF,,
10,KARMOY,KARMOY,LAMBERTSETTER,LAMBERTSETTER,CARDIFF,CARDIFF,,KARMOY,KARMOY,LAMBERTSETTER,LAMBERTSETTER,CARDIFF,CARDIFF,,
,,,,,,,,,,,,,,,
July 6 ,Friday,,,,,,,,,,,,,,
LANE/TIME,7,8,9,10,11,12,13,14,15,16,17,18,19,20,
1,SKJETTEN,SKJETTEN,MADLA,MADLA,CARDIFF,CARDIFF,,SKJETTEN,SKJETTEN,MADLA,MADLA,CARDIFF,CARDIFF,,
2,SKJETTEN,SKJETTEN,MADLA,MADLA,CARDIFF,CARDIFF,,SKJETTEN,SKJETTEN,MADLA,MADLA,CARDIFF,CARDIFF,,
3,SKJETTEN,SKJETTEN,MADLA,MADLA,CARDIFF,CARDIFF,,SKJETTEN,SKJETTEN,MADLA,MADLA,CARDIFF,CARDIFF,,
4,LEANDER,LEANDER,MADLA,MADLA,CARDIFF,CARDIFF,,LEANDER,LEANDER,MADLA,MADLA,CARDIFF,CARDIFF,,
5,LEANDER,LEANDER,MADLA,MADLA,CARDIFF,CARDIFF,,LEANDER,LEANDER,MADLA,MADLA,CARDIFF,CARDIFF,,
6,RONSE,RONSE,LAMBERTSETTER,LAMBERTSETTER,MILLFIELD,MILLFIELD,,RONSE,RONSE,LAMBERTSETTER,LAMBERTSETTER,MILLFIELD,MILLFIELD,,
7,RONSE,RONSE,LAMBERTSETTER,LAMBERTSETTER,MILLFIELD,MILLFIELD,,RONSE,RONSE,LAMBERTSETTER,LAMBERTSETTER,MILLFIELD,MILLFIELD,,Ronse need extra lane
8,RONSE,RONSE,LAMBERTSETTER,LAMBERTSETTER,MILLFIELD,MILLFIELD,,RONSE,RONSE,LAMBERTSETTER,LAMBERTSETTER,MILLFIELD,MILLFIELD,,
9,KARMOY,KARMOY,LAMBERTSETTER,LAMBERTSETTER,MILLFIELD,MILLFIELD,,KARMOY,KARMOY,LAMBERTSETTER,LAMBERTSETTER,MILLFIELD,MILLFIELD,,
10,KARMOY,KARMOY,LAMBERTSETTER,LAMBERTSETTER,MILLFIELD,MILLFIELD,,KARMOY,KARMOY,LAMBERTSETTER,LAMBERTSETTER,MILLFIELD,MILLFIELD,,
,,,,,,,,,,,,,,,
July 7,Saturday,,,,,,,,,,,,,,
LANE/TIME,7,8,9,10,11,12,13,14,15,16,17,18,19,20,
1,BATH ITC,BATH ITC,LAMBERTSETTER,LAMBERTSETTER,MILLFIELD,MILLFIELD,,BATH ITC,BATH ITC,LAMBERTSETTER,LAMBERTSETTER,MILLFIELD,MILLFIELD,,Leander need lanes 
2,BATH ITC,BATH ITC,LAMBERTSETTER,LAMBERTSETTER,MILLFIELD,MILLFIELD,,BATH ITC,BATH ITC,LAMBERTSETTER,LAMBERTSETTER,MILLFIELD,MILLFIELD,,Ronse need lanes
3,BATH ITC,BATH ITC,LAMBERTSETTER,LAMBERTSETTER,MILLFIELD,MILLFIELD,,BATH ITC,BATH ITC,LAMBERTSETTER,LAMBERTSETTER,MILLFIELD,MILLFIELD,,
4,BATH ITC,BATH ITC,LAMBERTSETTER,LAMBERTSETTER,MILLFIELD,MILLFIELD,,BATH ITC,BATH ITC,LAMBERTSETTER,LAMBERTSETTER,MILLFIELD,MILLFIELD,,
5,BATH ITC,BATH ITC,LAMBERTSETTER,LAMBERTSETTER,MILLFIELD,MILLFIELD,,BATH ITC,BATH ITC,LAMBERTSETTER,LAMBERTSETTER,MILLFIELD,MILLFIELD,,
6,SKJETTEN,SKJETTEN,MADLA,MADLA,CARDIFF,CARDIFF,,SKJETTEN,SKJETTEN,MADLA,MADLA,CARDIFF,CARDIFF,,
7,SKJETTEN,SKJETTEN,MADLA,MADLA,CARDIFF,CARDIFF,,SKJETTEN,SKJETTEN,MADLA,MADLA,CARDIFF,CARDIFF,,
8,SKJETTEN,SKJETTEN,MADLA,MADLA,CARDIFF,CARDIFF,,SKJETTEN,SKJETTEN,MADLA,MADLA,CARDIFF,CARDIFF,,
9,KARMOY,KARMOY,MADLA,MADLA,CARDIFF,CARDIFF,,KARMOY,KARMOY,MADLA,MADLA,CARDIFF,CARDIFF,,
10,KARMOY,KARMOY,MADLA,MADLA,CARDIFF,CARDIFF,,KARMOY,KARMOY,MADLA,MADLA,CARDIFF,CARDIFF,,
,,,,,,,,,,,,,,,
July 8,Sunday,,,,,,,,,,,,,,
LANE/TIME,7,8,9,10,11,12,13,14,15,16,17,18,19,20,
1,BATH ITC,BATH ITC,LAMBERTSETTER,LAMBERTSETTER,MILLFIELD,MILLFIELD,,BATH ITC,BATH ITC,LAMBERTSETTER,LAMBERTSETTER,MILLFIELD,MILLFIELD,,
2,BATH ITC,BATH ITC,LAMBERTSETTER,LAMBERTSETTER,MILLFIELD,MILLFIELD,,BATH ITC,BATH ITC,LAMBERTSETTER,LAMBERTSETTER,MILLFIELD,MILLFIELD,,
3,BATH ITC,BATH ITC,LAMBERTSETTER,LAMBERTSETTER,MILLFIELD,MILLFIELD,,BATH ITC,BATH ITC,LAMBERTSETTER,LAMBERTSETTER,MILLFIELD,MILLFIELD,,
4,BATH ITC,BATH ITC,LAMBERTSETTER,LAMBERTSETTER,MILLFIELD,MILLFIELD,,BATH ITC,BATH ITC,LAMBERTSETTER,LAMBERTSETTER,MILLFIELD,MILLFIELD,,
5,BATH ITC,BATH ITC,LAMBERTSETTER,LAMBERTSETTER,MILLFIELD,MILLFIELD,,BATH ITC,BATH ITC,LAMBERTSETTER,LAMBERTSETTER,MILLFIELD,MILLFIELD,,
6,SKJETTEN,SKJETTEN,MADLA,MADLA,MILLFIELD,MILLFIELD,,SKJETTEN,SKJETTEN,MADLA,MADLA,MILLFIELD,MILLFIELD,,
7,SKJETTEN,SKJETTEN,MADLA,MADLA,RONSE,RONSE,,SKJETTEN,SKJETTEN,MADLA,MADLA,RONSE,RONSE,,
8,SKJETTEN,SKJETTEN,MADLA,MADLA,RONSE,RONSE,,SKJETTEN,SKJETTEN,MADLA,MADLA,RONSE,RONSE,,
9,LEANDER,LEANDER,MADLA,MADLA,RONSE,RONSE,,LEANDER,LEANDER,MADLA,MADLA,RONSE,RONSE,,
10,LEANDER,LEANDER,MADLA,MADLA,RONSE,RONSE,,LEANDER,LEANDER,MADLA,MADLA,RONSE,RONSE,,
,,,,,,,,,,,,,,,
July 9,Monday,,,,,,,,,,,,,,
LANE/TIME,7,8,9,10,11,12,13,14,15,16,17,18,19,20,
1,BATH ITC,BATH ITC,LAMBERTSETTER,LAMBERTSETTER,MILLFIELD,MILLFIELD,,BATH ITC,BATH ITC,LAMBERTSETTER,LAMBERTSETTER,MILLFIELD,MILLFIELD,,
2,BATH ITC,BATH ITC,LAMBERTSETTER,LAMBERTSETTER,MILLFIELD,MILLFIELD,,BATH ITC,BATH ITC,LAMBERTSETTER,LAMBERTSETTER,MILLFIELD,MILLFIELD,,
3,BATH ITC,BATH ITC,LAMBERTSETTER,LAMBERTSETTER,MILLFIELD,MILLFIELD,,BATH ITC,BATH ITC,LAMBERTSETTER,LAMBERTSETTER,MILLFIELD,MILLFIELD,,
4,BATH ITC,BATH ITC,LAMBERTSETTER,LAMBERTSETTER,MILLFIELD,MILLFIELD,,BATH ITC,BATH ITC,LAMBERTSETTER,LAMBERTSETTER,MILLFIELD,MILLFIELD,,
5,BATH ITC,BATH ITC,LAMBERTSETTER,LAMBERTSETTER,MILLFIELD,MILLFIELD,,BATH ITC,BATH ITC,LAMBERTSETTER,LAMBERTSETTER,MILLFIELD,MILLFIELD,,
6,SKJETTEN,SKJETTEN,MADLA,MADLA,MILLFIELD,MILLFIELD,,SKJETTEN,SKJETTEN,MADLA,MADLA,MILLFIELD,MILLFIELD,,
7,SKJETTEN,SKJETTEN,MADLA,MADLA,RONSE,RONSE,,SKJETTEN,SKJETTEN,MADLA,MADLA,RONSE,RONSE,,
8,SKJETTEN,SKJETTEN,MADLA,MADLA,RONSE,RONSE,,SKJETTEN,SKJETTEN,MADLA,MADLA,RONSE,RONSE,,
9,LEANDER,LEANDER,MADLA,MADLA,RONSE,RONSE,,LEANDER,LEANDER,MADLA,MADLA,RONSE,RONSE,,
10,LEANDER,LEANDER,MADLA,MADLA,RONSE,RONSE,,LEANDER,LEANDER,MADLA,MADLA,RONSE,RONSE,,
,,,,,,,,,,,,,,,
July 10,Tuesday,,,,,,,,,,,,,,
LANE/TIME,7,8,9,10,11,12,13,14,15,16,17,18,19,20,
1,BATH ITC,BATH ITC,MADLA,MADLA,MILLFIELD,MILLFIELD,,BATH ITC,BATH ITC,MADLA,MADLA,MILLFIELD,MILLFIELD,,
2,BATH ITC,BATH ITC,MADLA,MADLA,MILLFIELD,MILLFIELD,,BATH ITC,BATH ITC,MADLA,MADLA,MILLFIELD,MILLFIELD,,
3,BATH ITC,BATH ITC,MADLA,MADLA,MILLFIELD,MILLFIELD,,BATH ITC,BATH ITC,MADLA,MADLA,MILLFIELD,MILLFIELD,,
4,BATH ITC,BATH ITC,MADLA,MADLA,MILLFIELD,MILLFIELD,,BATH ITC,BATH ITC,MADLA,MADLA,MILLFIELD,MILLFIELD,,
5,BATH ITC,BATH ITC,MADLA,MADLA,MILLFIELD,MILLFIELD,,BATH ITC,BATH ITC,MADLA,MADLA,MILLFIELD,MILLFIELD,,
6,SKJETTEN,SKJETTEN,LEANDER,LEANDER,MILLFIELD,MILLFIELD,,SKJETTEN,SKJETTEN,LEANDER,LEANDER,MILLFIELD,MILLFIELD,,
7,SKJETTEN,SKJETTEN,LEANDER,LEANDER,RONSE,RONSE,,SKJETTEN,SKJETTEN,LEANDER,LEANDER,RONSE,RONSE,,
8,SKJETTEN,SKJETTEN,,,RONSE,RONSE,,SKJETTEN,SKJETTEN,,,RONSE,RONSE,,
9,,,,,RONSE,RONSE,,,,,,RONSE,RONSE,,
10,,,,,RONSE,RONSE,,,,,,RONSE,RONSE,,
,,,,,,,,,,,,,,,
July 11,Wednesday,,,,,,,,,,,,,,
LANE/TIME,7,8,9,10,11,12,13,14,15,16,17,18,19,20,
1,BATH ITC,BATH ITC,MILLFIELD,MILLFIELD,,,,BATH ITC,BATH ITC,MILLFIELD,MILLFIELD,,,,
2,BATH ITC,BATH ITC,MILLFIELD,MILLFIELD,,,,BATH ITC,BATH ITC,MILLFIELD,MILLFIELD,,,,
3,BATH ITC,BATH ITC,MILLFIELD,MILLFIELD,,,,BATH ITC,BATH ITC,MILLFIELD,MILLFIELD,,,,
4,BATH ITC,BATH ITC,MILLFIELD,MILLFIELD,,,,BATH ITC,BATH ITC,MILLFIELD,MILLFIELD,,,,
5,BATH ITC,BATH ITC,MILLFIELD,MILLFIELD,,,,BATH ITC,BATH ITC,MILLFIELD,MILLFIELD,,,,
6,RONSE,RONSE,MILLFIELD,MILLFIELD,,,,RONSE,RONSE,MILLFIELD,MILLFIELD,,,,
7,RONSE,RONSE,LEANDER,LEANDER,,,,RONSE,RONSE,LEANDER,LEANDER,,,,
8,RONSE,RONSE,LEANDER,LEANDER,,,,RONSE,RONSE,LEANDER,LEANDER,,,,
9,RONSE,RONSE,,,,,,RONSE,RONSE,,,,,,
10,,,,,,,,,,,,,,,
,,,,,,,,,,,,,,,
July 12,Thursday,,,,,,,,,,,,,,
LANE/TIME,7,8,9,10,11,12,13,14,15,16,17,18,19,20,
1,BATH ITC,BATH ITC,MILLFIELD,MILLFIELD,,,,BATH ITC,BATH ITC,MILLFIELD,MILLFIELD,,,,
2,BATH ITC,BATH ITC,MILLFIELD,MILLFIELD,,,,BATH ITC,BATH ITC,MILLFIELD,MILLFIELD,,,,
3,BATH ITC,BATH ITC,MILLFIELD,MILLFIELD,,,,BATH ITC,BATH ITC,MILLFIELD,MILLFIELD,,,,
4,BATH ITC,BATH ITC,MILLFIELD,MILLFIELD,,,,BATH ITC,BATH ITC,MILLFIELD,MILLFIELD,,,,
5,BATH ITC,BATH ITC,MILLFIELD,MILLFIELD,,,,BATH ITC,BATH ITC,MILLFIELD,MILLFIELD,,,,
6,RONSE,RONSE,MILLFIELD,MILLFIELD,,,,RONSE,RONSE,MILLFIELD,MILLFIELD,,,,
7,RONSE,RONSE,LEANDER,LEANDER,,,,RONSE,RONSE,LEANDER,LEANDER,,,,
8,RONSE,RONSE,LEANDER,LEANDER,,,,RONSE,RONSE,LEANDER,LEANDER,,,,
9,RONSE,RONSE,,,,,,RONSE,RONSE,,,,,,
10,,,,,,,,,,,,,,,
,,,,,,,,,,,,,,,
July 13,Friday,,,,,,,,,,,,,,
LANE/TIME,7,8,9,10,11,12,13,14,15,16,17,18,19,20,
1,BATH ITC,BATH ITC,MILLFIELD,MILLFIELD,,,,BATH ITC,BATH ITC,MILLFIELD,MILLFIELD,,,,
2,BATH ITC,BATH ITC,MILLFIELD,MILLFIELD,,,,BATH ITC,BATH ITC,MILLFIELD,MILLFIELD,,,,
3,BATH ITC,BATH ITC,MILLFIELD,MILLFIELD,,,,BATH ITC,BATH ITC,MILLFIELD,MILLFIELD,,,,
4,BATH ITC,BATH ITC,MILLFIELD,MILLFIELD,,,,BATH ITC,BATH ITC,MILLFIELD,MILLFIELD,,,,
5,BATH ITC,BATH ITC,MILLFIELD,MILLFIELD,,,,BATH ITC,BATH ITC,MILLFIELD,MILLFIELD,,,,
6,RONSE,RONSE,MILLFIELD,MILLFIELD,,,,RONSE,RONSE,MILLFIELD,MILLFIELD,,,,
7,RONSE,RONSE,LEANDER,LEANDER,,,,RONSE,RONSE,LEANDER,LEANDER,,,,
8,RONSE,RONSE,LEANDER,LEANDER,,,,RONSE,RONSE,LEANDER,LEANDER,,,,
9,RONSE,RONSE,,,,,,RONSE,RONSE,,,,,,
10,,,,,,,,,,,,,,,
,,,,,,,,,,,,,,,
July 14,Saturday,,,,,,,,,,,,,,
LANE/TIME,7,8,9,10,11,12,13,14,15,16,17,18,19,20,
1,BATH ITC,BATH ITC,LEANDER,LEANDER,,,,BATH ITC,BATH ITC,LEANDER,LEANDER,,,,
2,BATH ITC,BATH ITC,LEANDER,LEANDER,,,,BATH ITC,BATH ITC,LEANDER,LEANDER,,,,
3,BATH ITC,BATH ITC,RONSE,RONSE,,,,BATH ITC,BATH ITC,RONSE,RONSE,,,,
4,BATH ITC,BATH ITC,RONSE,RONSE,,,,BATH ITC,BATH ITC,RONSE,RONSE,,,,
5,BATH ITC,BATH ITC,RONSE,RONSE,,,,BATH ITC,BATH ITC,RONSE,RONSE,,,,
6,,,RONSE,RONSE,,,,,,RONSE,RONSE,,,,
7,,,,,,,,,,,,,,,
8,,,,,,,,,,,,,,,
9,,,,,,,,,,,,,,,
10,,,,,,,,,,,,,,,
,,,,,,,,,,,,,,,
July 15,Sunday,,,,,,,,,,,,,,
LANE/TIME,7,8,9,10,11,12,13,14,15,16,17,18,19,20,
1,BATH ITC,BATH ITC,LEANDER,LEANDER,,,,BATH ITC,BATH ITC,LEANDER,LEANDER,,,,
2,BATH ITC,BATH ITC,LEANDER,LEANDER,,,,BATH ITC,BATH ITC,LEANDER,LEANDER,,,,
3,BATH ITC,BATH ITC,RONSE,RONSE,,,,BATH ITC,BATH ITC,RONSE,RONSE,,,,
4,BATH ITC,BATH ITC,RONSE,RONSE,,,,BATH ITC,BATH ITC,RONSE,RONSE,,,,
5,BATH ITC,BATH ITC,RONSE,RONSE,,,,BATH ITC,BATH ITC,RONSE,RONSE,,,,
6,,,RONSE,RONSE,,,,,,RONSE,RONSE,,,,
7,,,,,,,,,,,,,,,
8,,,,,,,,,,,,,,,
9,,,,,,,,,,,,,,,
10,,,,,,,,,,,,,,,
,,,,,,,,,,,,,,,
July 16,Monday,,,,,,,,,,,,,,
LANE/TIME,7,8,9,10,11,12,13,14,15,16,17,18,19,20,
1,BATH ITC,BATH ITC,FAROE ,FAROE ,,,,BATH ITC,BATH ITC,FAROE ,FAROE ,,,,
2,BATH ITC,BATH ITC,FAROE ,FAROE ,,,,BATH ITC,BATH ITC,FAROE ,FAROE ,,,,
3,BATH ITC,BATH ITC,RONSE,RONSE,,,,BATH ITC,BATH ITC,RONSE,RONSE,,,,
4,BATH ITC,BATH ITC,RONSE,RONSE,,,,BATH ITC,BATH ITC,RONSE,RONSE,,,,
5,BATH ITC,BATH ITC,RONSE,RONSE,,,,BATH ITC,BATH ITC,RONSE,RONSE,,,,
6,,,RONSE,RONSE,,,,,,RONSE,RONSE,,,,
7,,,,,,,,,,,,,,,
8,,,,,,,,,,,,,,,
9,,,,,,,,,,,,,,,
10,,,,,,,,,,,,,,,
,,,,,,,,,,,,,,,
July 17,Tuesday,,,,,,,,,,,,,,
LANE/TIME,7,8,9,10,11,12,13,14,15,16,17,18,19,20,
1,BATH ITC,BATH ITC,FAROE ,FAROE ,,,,BATH ITC,BATH ITC,FAROE ,FAROE ,,,,
2,BATH ITC,BATH ITC,FAROE ,FAROE ,,,,BATH ITC,BATH ITC,FAROE ,FAROE ,,,,
3,BATH ITC,BATH ITC,RONSE,RONSE,,,,BATH ITC,BATH ITC,RONSE,RONSE,,,,
4,BATH ITC,BATH ITC,RONSE,RONSE,,,,BATH ITC,BATH ITC,RONSE,RONSE,,,,
5,BATH ITC,BATH ITC,RONSE,RONSE,,,,BATH ITC,BATH ITC,RONSE,RONSE,,,,
6,,,RONSE,RONSE,,,,,,RONSE,RONSE,,,,
7,,,,,,,,,,,,,,,
8,,,,,,,,,,,,,,,
9,,,,,,,,,,,,,,,
10,,,,,,,,,,,,,,,
,,,,,,,,,,,,,,,
July 18,Wednesday,,,,,,,,,,,,,,
LANE/TIME,7,8,9,10,11,12,13,14,15,16,17,18,19,20,
1,BATH ITC,BATH ITC,FAROE ,FAROE ,,,,BATH ITC,BATH ITC,FAROE ,FAROE ,,,,
2,BATH ITC,BATH ITC,FAROE ,FAROE ,,,,BATH ITC,BATH ITC,FAROE ,FAROE ,,,,
3,BATH ITC,BATH ITC,,,,,,BATH ITC,BATH ITC,,,,,,
4,BATH ITC,BATH ITC,,,,,,BATH ITC,BATH ITC,,,,,,
5,BATH ITC,BATH ITC,,,,,,BATH ITC,BATH ITC,,,,,,
6,,,,,,,,,,,,,,,
7,,,,,,,,,,,,,,,
8,,,,,,,,,,,,,,,
9,,,,,,,,,,,,,,,
10,,,,,,,,,,,,,,,
,,,,,,,,,,,,,,,
July 19,Thursday,,,,,,,,,,,,,,
LANE/TIME,7,8,9,10,11,12,13,14,15,16,17,18,19,20,
1,BATH ITC,BATH ITC,FAROE ,FAROE ,,,,BATH ITC,BATH ITC,FAROE ,FAROE ,,,,
2,BATH ITC,BATH ITC,FAROE ,FAROE ,,,,BATH ITC,BATH ITC,FAROE ,FAROE ,,,,
3,BATH ITC,BATH ITC,,,,,,BATH ITC,BATH ITC,,,,,,
4,BATH ITC,BATH ITC,,,,,,BATH ITC,BATH ITC,,,,,,
5,BATH ITC,BATH ITC,,,,,,BATH ITC,BATH ITC,,,,,,
6,,,,,,,,,,,,,,,
7,,,,,,,,,,,,,,,
8,,,,,,,,,,,,,,,
9,,,,,,,,,,,,,,,
10,,,,,,,,,,,,,,,
,,,,,,,,,,,,,,,
July 20,Friday,,,,,,,,,,,,,,
LANE/TIME,7,8,9,10,11,12,13,14,15,16,17,18,19,20,
1,BATH ITC,BATH ITC,NORWAY,NORWAY,,,,BATH ITC,BATH ITC,NORWAY,NORWAY,,,,
2,BATH ITC,BATH ITC,NORWAY,NORWAY,,,,BATH ITC,BATH ITC,NORWAY,NORWAY,,,,
3,BATH ITC,BATH ITC,NORWAY,NORWAY,,,,BATH ITC,BATH ITC,NORWAY,NORWAY,,,,
4,BATH ITC,BATH ITC,FAROE ,FAROE ,,,,BATH ITC,BATH ITC,FAROE ,FAROE ,,,,
5,BATH ITC,BATH ITC,FAROE ,FAROE ,,,,BATH ITC,BATH ITC,FAROE ,FAROE ,,,,
6,,,,,,,,,,,,,,,
7,,,,,,,,,,,,,,,
8,,,,,,,,,,,,,,,
9,,,,,,,,,,,,,,,
10,,,,,,,,,,,,,,,
,,,,,,,,,,,,,,,
July 21,Saturday,,,,,,,,,,,,,,
LANE/TIME,7,8,9,10,11,12,13,14,15,16,17,18,19,20,
1,BATH ITC,BATH ITC,NORWAY,NORWAY,,,,BATH ITC,BATH ITC,NORWAY,NORWAY,,,,
2,BATH ITC,BATH ITC,NORWAY,NORWAY,,,,BATH ITC,BATH ITC,NORWAY,NORWAY,,,,
3,BATH ITC,BATH ITC,NORWAY,NORWAY,,,,BATH ITC,BATH ITC,NORWAY,NORWAY,,,,
4,BATH ITC,BATH ITC,FAROE ,FAROE ,,,,BATH ITC,BATH ITC,FAROE ,FAROE ,,,,
5,BATH ITC,BATH ITC,FAROE ,FAROE ,,,,BATH ITC,BATH ITC,FAROE ,FAROE ,,,,
6,,,,,,,,,,,,,,,
7,,,,,,,,,,,,,,,
8,,,,,,,,,,,,,,,
9,,,,,,,,,,,,,,,
10,,,,,,,,,,,,,,,
,,,,,,,,,,,,,,,
July 22,Sunday,,,,,,,,,,,,,,
LANE/TIME,7,8,9,10,11,12,13,14,15,16,17,18,19,20,
1,,,NORWAY,NORWAY,,,,,,NORWAY,NORWAY,,,,
2,,,NORWAY,NORWAY,,,,,,NORWAY,NORWAY,,,,
3,,,NORWAY,NORWAY,,,,,,NORWAY,NORWAY,,,,
4,,,FAROE ,FAROE ,,,,,,FAROE ,FAROE ,,,,
5,,,FAROE ,FAROE ,,,,,,FAROE ,FAROE ,,,,
6,,,,,,,,,,,,,,,
7,,,,,,,,,,,,,,,
8,,,,,,,,,,,,,,,
9,,,,,,,,,,,,,,,
10,,,,,,,,,,,,,,,
,,,,,,,,,,,,,,,
July 23,Monday,,,,,,,,,,,,,,
LANE/TIME,7,8,9,10,11,12,13,14,15,16,17,18,19,20,
1,,,NORWAY,NORWAY,,,,,,NORWAY,NORWAY,,,,
2,,,NORWAY,NORWAY,,,,,,NORWAY,NORWAY,,,,
3,,,NORWAY,NORWAY,,,,,,NORWAY,NORWAY,,,,
4,,,FAROE ,FAROE ,,,,,,FAROE ,FAROE ,,,,
5,,,FAROE ,FAROE ,,,,,,FAROE ,FAROE ,,,,
6,,,Ekran,Ekran,,,,,,Ekran,Ekran,,,,
7,,,Ekran,Ekran,,,,,,Ekran,Ekran,,,,
8,,,Ekran,Ekran,,,,,,Ekran,Ekran,,,,
9,,,Ekran,Ekran,,,,,,Ekran,Ekran,,,,
10,,,,,,,,,,,,,,,
,,,,,,,,,,,,,,,
July 24,Tuesday,,,,,,,,,,,,,,
LANE/TIME,7,8,9,10,11,12,13,14,15,16,17,18,19,20,
1,,,NORWAY,NORWAY,,,,,,NORWAY,NORWAY,,,,
2,,,NORWAY,NORWAY,,,,,,NORWAY,NORWAY,,,,
3,,,NORWAY,NORWAY,,,,,,NORWAY,NORWAY,,,,
4,,,FAROE ,FAROE ,,,,,,FAROE ,FAROE ,,,,
5,,,FAROE ,FAROE ,,,,,,FAROE ,FAROE ,,,,
6,,,Ekran,Ekran,,,,,,Ekran,Ekran,,,,
7,,,Ekran,Ekran,,,,,,Ekran,Ekran,,,,
8,,,Ekran,Ekran,,,,,,Ekran,Ekran,,,,
9,,,Ekran,Ekran,,,,,,Ekran,Ekran,,,,
10,,,,,,,,,,,,,,,
,,,,,,,,,,,,,,,
July 25,Wednesday,,,,,,,,,,,,,,
LANE/TIME,7,8,9,10,11,12,13,14,15,16,17,18,19,20,
1,,,NORWAY,NORWAY,,,,,,NORWAY,NORWAY,,,,
2,,,NORWAY,NORWAY,,,,,,NORWAY,NORWAY,,,,
3,,,NORWAY,NORWAY,,,,,,NORWAY,NORWAY,,,,
4,,,FAROE ,FAROE ,,,,,,FAROE ,FAROE ,,,,
5,,,FAROE ,FAROE ,,,,,,FAROE ,FAROE ,,,,
6,,,Ekran,Ekran,,,,,,Ekran,Ekran,,,,
7,,,Ekran,Ekran,,,,,,Ekran,Ekran,,,,
8,,,Ekran,Ekran,,,,,,Ekran,Ekran,,,,
9,,,Ekran,Ekran,,,,,,Ekran,Ekran,,,,
10,,,,,,,,,,,,,,,
,,,,,,,,,,,,,,,
July 26,Thursday,,,,,,,,,,,,,,
LANE/TIME,7,8,9,10,11,12,13,14,15,16,17,18,19,20,
1,,,NORWAY,NORWAY,,,,,,NORWAY,NORWAY,,,,
2,,,NORWAY,NORWAY,,,,,,NORWAY,NORWAY,,,,
3,,,NORWAY,NORWAY,,,,,,NORWAY,NORWAY,,,,
4,,,FAROE ,FAROE ,,,,,,FAROE ,FAROE ,,,,
5,,,FAROE ,FAROE ,,,,,,FAROE ,FAROE ,,,,
6,,,Ekran,Ekran,,,,,,Ekran,Ekran,,,,
7,,,Ekran,Ekran,,,,,,Ekran,Ekran,,,,
8,,,Ekran,Ekran,,,,,,Ekran,Ekran,,,,
9,,,Ekran,Ekran,,,,,,Ekran,Ekran,,,,
10,,,,,,,,,,,,,,,
,,,,,,,,,,,,,,,
July 27,Friday,,,,,,,,,,,,,,
LANE/TIME,7,8,9,10,11,12,13,14,15,16,17,18,19,20,
1,,,NORWAY,NORWAY,,,,,,NORWAY,NORWAY,,,,
2,,,NORWAY,NORWAY,,,,,,NORWAY,NORWAY,,,,
3,,,NORWAY,NORWAY,,,,,,NORWAY,NORWAY,,,,
4,,,FAROE ,FAROE ,,,,,,FAROE ,FAROE ,,,,
5,,,FAROE ,FAROE ,,,,,,FAROE ,FAROE ,,,,
6,,,Ekran,Ekran,,,,,,Ekran,Ekran,,,,
7,,,Ekran,Ekran,,,,,,Ekran,Ekran,,,,
8,,,Ekran,Ekran,,,,,,Ekran,Ekran,,,,
9,,,Ekran,Ekran,,,,,,Ekran,Ekran,,,,
10,,,,,,,,,,,,,,,
,,,,,,,,,,,,,,,
July 28,Saturday,,,,,,,,,,,,,,
LANE/TIME,7,8,9,10,11,12,13,14,15,16,17,18,19,20,
1,,,NORWAY,NORWAY,,,,,,NORWAY,NORWAY,,,,
2,,,NORWAY,NORWAY,,,,,,NORWAY,NORWAY,,,,
3,,,NORWAY,NORWAY,,,,,,NORWAY,NORWAY,,,,
4,,,FAROE ,FAROE ,,,,,,FAROE ,FAROE ,,,,
5,,,FAROE ,FAROE ,,,,,,FAROE ,FAROE ,,,,
6,,,Ekran,Ekran,,,,,,Ekran,Ekran,,,,
7,,,Ekran,Ekran,,,,,,Ekran,Ekran,,,,
8,,,Ekran,Ekran,,,,,,Ekran,Ekran,,,,
9,,,Ekran,Ekran,,,,,,Ekran,Ekran,,,,
10,,,,,,,,,,,,,,,
,,,,,,,,,,,,,,,
July 29,Sunday,,,,,,,,,,,,,,
LANE/TIME,7,8,9,10,11,12,13,14,15,16,17,18,19,20,
1,,,NORWAY,NORWAY,,,,,,NORWAY,NORWAY,,,,
2,,,NORWAY,NORWAY,,,,,,NORWAY,NORWAY,,,,
3,,,NORWAY,NORWAY,,,,,,NORWAY,NORWAY,,,,
4,,,FAROE ,FAROE ,,,,,,FAROE ,FAROE ,,,,
5,,,FAROE ,FAROE ,,,,,,FAROE ,FAROE ,,,,
6,,,Ekran,Ekran,,,,,,Ekran,Ekran,,,,
7,,,Ekran,Ekran,,,,,,Ekran,Ekran,,,,
8,,,Ekran,Ekran,,,,,,Ekran,Ekran,,,,
9,,,Ekran,Ekran,,,,,,Ekran,Ekran,,,,
10,,,,,,,,,,,,,,,
,,,,,,,,,,,,,,,
July 30,Monday,,,,,,,,,,,,,,
LANE/TIME,7,8,9,10,11,12,13,14,15,16,17,18,19,20,
1,,,NORWEGIAN PARA,NORWEGIAN PARA,Ekran,Ekran,,,,NORWEGIAN PARA,NORWEGIAN PARA,Ekran,Ekran,,
2,,,NORWEGIAN PARA,NORWEGIAN PARA,Ekran,Ekran,,,,NORWEGIAN PARA,NORWEGIAN PARA,Ekran,Ekran,,
3,,,NORWAY,NORWAY,Ekran,Ekran,,,,NORWAY,NORWAY,Ekran,Ekran,,
4,,,NORWAY,NORWAY,Ekran,Ekran,,,,NORWAY,NORWAY,Ekran,Ekran,,
5,,,NORWAY,NORWAY,,,,,,NORWAY,NORWAY,,,,
6,,,FAROE ,FAROE ,,,,,,FAROE ,FAROE ,,,,
7,,,FAROE ,FAROE ,,,,,,FAROE ,FAROE ,,,,
8,,,,,,,,,,,,,,,
9,,,,,,,,,,,,,,,
10,,,,,,,,,,,,,,,
,,,,,,,,,,,,,,,
July 31,Tuesday,,,,,,,,,,,,,,
LANE/TIME,7,8,9,10,11,12,13,14,15,16,17,18,19,20,
1,,,NORWEGIAN PARA,NORWEGIAN PARA,Ekran,Ekran,,,,NORWEGIAN PARA,NORWEGIAN PARA,Ekran,Ekran,,
2,,,NORWEGIAN PARA,NORWEGIAN PARA,Ekran,Ekran,,,,NORWEGIAN PARA,NORWEGIAN PARA,Ekran,Ekran,,
3,,,NORWAY,NORWAY,Ekran,Ekran,,,,NORWAY,NORWAY,Ekran,Ekran,,
4,,,NORWAY,NORWAY,Ekran,Ekran,,,,NORWAY,NORWAY,Ekran,Ekran,,
5,,,NORWAY,NORWAY,,,,,,NORWAY,NORWAY,,,,
6,,,FAROE ,FAROE ,,,,,,FAROE ,FAROE ,,,,
7,,,FAROE ,FAROE ,,,,,,FAROE ,FAROE ,,,,
8,,,,,,,,,,,,,,,
9,,,,,,,,,,,,,,,
10,,,,,,,,,,,,,,,
